[
    {
        "model": "products.category",
        "pk": 1,
        "fields": {
            "name": "Shirt"
        }
    },
    {
        "model": "products.category",
        "pk": 2,
        "fields": {
            "name": "Pant"
        }
    },
    {
        "model": "products.category",
        "pk": 3,
        "fields": {
            "name": "T-Shirt"
        }
    },
    {
        "model": "products.category",
        "pk": 4,
        "fields": {
            "name": "Jeans"
        }
    },
    {
        "model": "products.category",
        "pk": 5,
        "fields": {
            "name": "Underwear"
        }
    },
    {
        "model": "products.brand",
        "pk": 1,
        "fields": {
            "name": "Easy",
            "logo": ""
        }
    },
    {
        "model": "products.brand",
        "pk": 2,
        "fields": {
            "name": "Richman",
            "logo": ""
        }
    },
    {
        "model": "products.brand",
        "pk": 3,
        "fields": {
            "name": "Ecstasy",
            "logo": ""
        }
    },
    {
        "model": "products.brand",
        "pk": 4,
        "fields": {
            "name": "Yellow",
            "logo": ""
        }
    },
    {
        "model": "products.brand",
        "pk": 5,
        "fields": {
            "name": "Cats Eye",
            "logo": ""
        }
    },
    {
        "model": "products.color",
        "pk": 1,
        "fields": {
            "name": "Black"
        }
    },
    {
        "model": "products.color",
        "pk": 2,
        "fields": {
            "name": "White"
        }
    },
    {
        "model": "products.color",
        "pk": 3,
        "fields": {
            "name": "Navy"
        }
    },
    {
        "model": "products.color",
        "pk": 4,
        "fields": {
            "name": "Grey"
        }
    },
    {
        "model": "products.color",
        "pk": 5,
        "fields": {
            "name": "Red"
        }
    },
    {
        "model": "products.size",
        "pk": 1,
        "fields": {
            "name": "S"
        }
    },
    {
        "model": "products.size",
        "pk": 2,
        "fields": {
            "name": "M"
        }
    },
    {
        "model": "products.size",
        "pk": 3,
        "fields": {
            "name": "L"
        }
    },
    {
        "model": "products.size",
        "pk": 4,
        "fields": {
            "name": "XL"
        }
    },
    {
        "model": "products.size",
        "pk": 5,
        "fields": {
            "name": "XXL"
        }
    },
    {
        "model": "products.product",
        "pk": 1,
        "fields": {
            "name": "Pant 558",
            "description": "High quality and comfortable.",
            "category": 1,
            "brand": 3,
            "is_active": true,
            "created_at": "2025-04-16T08:21:35.360905"
        }
    },
    {
        "model": "products.product",
        "pk": 2,
        "fields": {
            "name": "T-Shirt 979",
            "description": "High quality and comfortable.",
            "category": 1,
            "brand": 4,
            "is_active": true,
            "created_at": "2025-04-16T08:21:35.360919"
        }
    },
    {
        "model": "products.product",
        "pk": 3,
        "fields": {
            "name": "T-Shirt 482",
            "description": "High quality and comfortable.",
            "category": 4,
            "brand": 4,
            "is_active": true,
            "created_at": "2025-04-16T08:21:35.360924"
        }
    },
    {
        "model": "products.product",
        "pk": 4,
        "fields": {
            "name": "T-Shirt 733",
            "description": "High quality and comfortable.",
            "category": 4,
            "brand": 5,
            "is_active": true,
            "created_at": "2025-04-16T08:21:35.360929"
        }
    },
    {
        "model": "products.product",
        "pk": 5,
        "fields": {
            "name": "T-Shirt 191",
            "description": "High quality and comfortable.",
            "category": 5,
            "brand": 1,
            "is_active": true,
            "created_at": "2025-04-16T08:21:35.360934"
        }
    },
    {
        "model": "products.product",
        "pk": 6,
        "fields": {
            "name": "T-Shirt 287",
            "description": "High quality and comfortable.",
            "category": 3,
            "brand": 3,
            "is_active": true,
            "created_at": "2025-04-16T08:21:35.360940"
        }
    },
    {
        "model": "products.product",
        "pk": 7,
        "fields": {
            "name": "Pant 529",
            "description": "High quality and comfortable.",
            "category": 1,
            "brand": 5,
            "is_active": true,
            "created_at": "2025-04-16T08:21:35.360944"
        }
    },
    {
        "model": "products.product",
        "pk": 8,
        "fields": {
            "name": "Shirt 393",
            "description": "High quality and comfortable.",
            "category": 3,
            "brand": 3,
            "is_active": true,
            "created_at": "2025-04-16T08:21:35.360952"
        }
    },
    {
        "model": "products.product",
        "pk": 9,
        "fields": {
            "name": "Shirt 232",
            "description": "High quality and comfortable.",
            "category": 4,
            "brand": 5,
            "is_active": true,
            "created_at": "2025-04-16T08:21:35.360958"
        }
    },
    {
        "model": "products.product",
        "pk": 10,
        "fields": {
            "name": "Underwear 511",
            "description": "High quality and comfortable.",
            "category": 4,
            "brand": 4,
            "is_active": true,
            "created_at": "2025-04-16T08:21:35.360963"
        }
    },
    {
        "model": "products.product",
        "pk": 11,
        "fields": {
            "name": "Pant 953",
            "description": "High quality and comfortable.",
            "category": 4,
            "brand": 2,
            "is_active": true,
            "created_at": "2025-04-16T08:21:35.360968"
        }
    },
    {
        "model": "products.product",
        "pk": 12,
        "fields": {
            "name": "Shirt 190",
            "description": "High quality and comfortable.",
            "category": 5,
            "brand": 1,
            "is_active": true,
            "created_at": "2025-04-16T08:21:35.360972"
        }
    },
    {
        "model": "products.productvariant",
        "pk": 1,
        "fields": {
            "product": 1,
            "color": 4,
            "size": 3,
            "stock": 55,
            "price": 675.69,
            "is_active": true,
            "sku": "SKU-143"
        }
    },
    {
        "model": "products.productvariant",
        "pk": 2,
        "fields": {
            "product": 1,
            "color": 5,
            "size": 1,
            "stock": 40,
            "price": 888.98,
            "is_active": true,
            "sku": "SKU-151"
        }
    },
    {
        "model": "products.productvariant",
        "pk": 3,
        "fields": {
            "product": 2,
            "color": 5,
            "size": 3,
            "stock": 51,
            "price": 933.49,
            "is_active": true,
            "sku": "SKU-253"
        }
    },
    {
        "model": "products.productvariant",
        "pk": 4,
        "fields": {
            "product": 2,
            "color": 2,
            "size": 5,
            "stock": 85,
            "price": 1921.16,
            "is_active": true,
            "sku": "SKU-225"
        }
    },
    {
        "model": "products.productvariant",
        "pk": 5,
        "fields": {
            "product": 3,
            "color": 4,
            "size": 2,
            "stock": 35,
            "price": 1368.98,
            "is_active": true,
            "sku": "SKU-342"
        }
    },
    {
        "model": "products.productvariant",
        "pk": 6,
        "fields": {
            "product": 3,
            "color": 2,
            "size": 4,
            "stock": 35,
            "price": 591.18,
            "is_active": true,
            "sku": "SKU-324"
        }
    },
    {
        "model": "products.productvariant",
        "pk": 7,
        "fields": {
            "product": 4,
            "color": 2,
            "size": 2,
            "stock": 66,
            "price": 633.72,
            "is_active": true,
            "sku": "SKU-422"
        }
    },
    {
        "model": "products.productvariant",
        "pk": 8,
        "fields": {
            "product": 4,
            "color": 1,
            "size": 2,
            "stock": 60,
            "price": 699.87,
            "is_active": true,
            "sku": "SKU-412"
        }
    },
    {
        "model": "products.productvariant",
        "pk": 9,
        "fields": {
            "product": 5,
            "color": 2,
            "size": 3,
            "stock": 72,
            "price": 1811.46,
            "is_active": true,
            "sku": "SKU-523"
        }
    },
    {
        "model": "products.productvariant",
        "pk": 10,
        "fields": {
            "product": 5,
            "color": 4,
            "size": 1,
            "stock": 69,
            "price": 933.71,
            "is_active": true,
            "sku": "SKU-541"
        }
    },
    {
        "model": "products.productvariant",
        "pk": 11,
        "fields": {
            "product": 6,
            "color": 2,
            "size": 1,
            "stock": 72,
            "price": 1125.26,
            "is_active": true,
            "sku": "SKU-621"
        }
    },
    {
        "model": "products.productvariant",
        "pk": 12,
        "fields": {
            "product": 6,
            "color": 4,
            "size": 5,
            "stock": 39,
            "price": 1887.97,
            "is_active": true,
            "sku": "SKU-645"
        }
    },
    {
        "model": "products.productvariant",
        "pk": 13,
        "fields": {
            "product": 7,
            "color": 1,
            "size": 2,
            "stock": 68,
            "price": 1143.95,
            "is_active": true,
            "sku": "SKU-712"
        }
    },
    {
        "model": "products.productvariant",
        "pk": 14,
        "fields": {
            "product": 7,
            "color": 4,
            "size": 4,
            "stock": 69,
            "price": 1030.28,
            "is_active": true,
            "sku": "SKU-744"
        }
    },
    {
        "model": "products.productvariant",
        "pk": 15,
        "fields": {
            "product": 8,
            "color": 1,
            "size": 3,
            "stock": 40,
            "price": 657.53,
            "is_active": true,
            "sku": "SKU-813"
        }
    },
    {
        "model": "products.productvariant",
        "pk": 16,
        "fields": {
            "product": 8,
            "color": 2,
            "size": 3,
            "stock": 35,
            "price": 1668.39,
            "is_active": true,
            "sku": "SKU-823"
        }
    },
    {
        "model": "products.productvariant",
        "pk": 17,
        "fields": {
            "product": 9,
            "color": 4,
            "size": 3,
            "stock": 88,
            "price": 1153.01,
            "is_active": true,
            "sku": "SKU-943"
        }
    },
    {
        "model": "products.productvariant",
        "pk": 18,
        "fields": {
            "product": 9,
            "color": 5,
            "size": 5,
            "stock": 55,
            "price": 1634.44,
            "is_active": true,
            "sku": "SKU-955"
        }
    },
    {
        "model": "products.productvariant",
        "pk": 19,
        "fields": {
            "product": 10,
            "color": 2,
            "size": 3,
            "stock": 84,
            "price": 527.11,
            "is_active": true,
            "sku": "SKU-1023"
        }
    },
    {
        "model": "products.productvariant",
        "pk": 20,
        "fields": {
            "product": 10,
            "color": 4,
            "size": 5,
            "stock": 33,
            "price": 1290.85,
            "is_active": true,
            "sku": "SKU-1045"
        }
    },
    {
        "model": "products.productvariant",
        "pk": 21,
        "fields": {
            "product": 11,
            "color": 1,
            "size": 1,
            "stock": 37,
            "price": 1482.23,
            "is_active": true,
            "sku": "SKU-1111"
        }
    },
    {
        "model": "products.productvariant",
        "pk": 22,
        "fields": {
            "product": 11,
            "color": 5,
            "size": 3,
            "stock": 23,
            "price": 1199.45,
            "is_active": true,
            "sku": "SKU-1153"
        }
    },
    {
        "model": "products.productvariant",
        "pk": 23,
        "fields": {
            "product": 12,
            "color": 4,
            "size": 5,
            "stock": 98,
            "price": 1897.76,
            "is_active": true,
            "sku": "SKU-1245"
        }
    },
    {
        "model": "products.productvariant",
        "pk": 24,
        "fields": {
            "product": 12,
            "color": 1,
            "size": 5,
            "stock": 20,
            "price": 860.19,
            "is_active": true,
            "sku": "SKU-1215"
        }
    },
    {
        "model": "products.productimage",
        "pk": 1,
        "fields": {
            "product": 1,
            "image": "product_images/default.jpg",
            "alt_text": "Product image",
            "is_primary": true,
            "uploaded_at": "2025-04-16T08:21:35.361371"
        }
    },
    {
        "model": "products.productimage",
        "pk": 2,
        "fields": {
            "product": 2,
            "image": "product_images/default.jpg",
            "alt_text": "Product image",
            "is_primary": true,
            "uploaded_at": "2025-04-16T08:21:35.361375"
        }
    },
    {
        "model": "products.productimage",
        "pk": 3,
        "fields": {
            "product": 3,
            "image": "product_images/default.jpg",
            "alt_text": "Product image",
            "is_primary": true,
            "uploaded_at": "2025-04-16T08:21:35.361377"
        }
    },
    {
        "model": "products.productimage",
        "pk": 4,
        "fields": {
            "product": 4,
            "image": "product_images/default.jpg",
            "alt_text": "Product image",
            "is_primary": true,
            "uploaded_at": "2025-04-16T08:21:35.361379"
        }
    },
    {
        "model": "products.productimage",
        "pk": 5,
        "fields": {
            "product": 5,
            "image": "product_images/default.jpg",
            "alt_text": "Product image",
            "is_primary": true,
            "uploaded_at": "2025-04-16T08:21:35.361382"
        }
    },
    {
        "model": "products.productimage",
        "pk": 6,
        "fields": {
            "product": 6,
            "image": "product_images/default.jpg",
            "alt_text": "Product image",
            "is_primary": true,
            "uploaded_at": "2025-04-16T08:21:35.361384"
        }
    },
    {
        "model": "products.productimage",
        "pk": 7,
        "fields": {
            "product": 7,
            "image": "product_images/default.jpg",
            "alt_text": "Product image",
            "is_primary": true,
            "uploaded_at": "2025-04-16T08:21:35.361386"
        }
    },
    {
        "model": "products.productimage",
        "pk": 8,
        "fields": {
            "product": 8,
            "image": "product_images/default.jpg",
            "alt_text": "Product image",
            "is_primary": true,
            "uploaded_at": "2025-04-16T08:21:35.361389"
        }
    },
    {
        "model": "products.productimage",
        "pk": 9,
        "fields": {
            "product": 9,
            "image": "product_images/default.jpg",
            "alt_text": "Product image",
            "is_primary": true,
            "uploaded_at": "2025-04-16T08:21:35.361392"
        }
    },
    {
        "model": "products.productimage",
        "pk": 10,
        "fields": {
            "product": 10,
            "image": "product_images/default.jpg",
            "alt_text": "Product image",
            "is_primary": true,
            "uploaded_at": "2025-04-16T08:21:35.361394"
        }
    },
    {
        "model": "products.productimage",
        "pk": 11,
        "fields": {
            "product": 11,
            "image": "product_images/default.jpg",
            "alt_text": "Product image",
            "is_primary": true,
            "uploaded_at": "2025-04-16T08:21:35.361396"
        }
    },
    {
        "model": "products.productimage",
        "pk": 12,
        "fields": {
            "product": 12,
            "image": "product_images/default.jpg",
            "alt_text": "Product image",
            "is_primary": true,
            "uploaded_at": "2025-04-16T08:21:35.361399"
        }
    }
]